word,gloss,frequency,300,1000,1200,1500,final
ˌɑbˈbɑːt̪em,abbé,839,ˌɑbˈbɑ.t̪ɛ,ˌaˈbeːθ,ˌaˈbe,ˌaˈbe,abe
ˌae̯ˈt̪ɑːt̪ikum,âge,34813,ˌɛˈt̪ɑ.t̪e.ko,ˌəˈða.d͡ʒə,ˌəˈa.ʒə,ˈaːʒə,ɑʒ
ˌɑˈgn̪elloːs,agneaux,492,ˌɑŋˈn̪ɛl.los,ˌãˈɲɛɫs,ˌãˈɲe̯aws,ˌãˈɲə̯oːs,aɲo
ˈhɑbeo,ai,2437065,ˈhɑ.ʝɔ,ˈaj,ˈe,ˈe,e
ˈɑllium,ail,1580,ˈɑl.lʝo,ˈaʎ,ˈaʎ,ˈaʎ,aj
ˈɑːlɑm,aile,4021,ˈɑ.lɑ,ˈeːlə,ˈelə,ˈelə,ɛl
ˈɑmɑt̪,aime,237696,ˈɑ.mɑt̪,ˈãj̃.məθ,ˈɛ̃j̃.mə,ˈɛ̃.mə,ɛm
ˈɑksem,ais,3077,ˈɑx.sɛ,ˈajs,ˈɛːs,ˈɛs,ɛ
ˈɑn̪imɑm,âme,24204,ˈɑ.n̪e.mɑ,ˈã.mə,ˈã.mə,ˈã.mə,ɑm
ˌɑˈmɑːrɑm,amère,793,ˌɑˈmɑ.rɑ,ˌãˈmeː.rə,ˌãˈme.rə,ˌãˈme.rə,a.mɛʁ
ˈɑn̪n̪um,an,37176,ˈɑn̪.n̪o,ˈãn̪,ˈãn̪,ˈãː,ɑ̃
ˌɑn̪ˈn̪ɑːt̪ɑm,année,47747,ˌɑn̪ˈn̪ɑ.t̪ɑ,ˌãˈn̪eː.ðə,ˌãˈn̪e.ə,ˌãˈn̪eː,a.n̪e
ˈɑn̪n̪oːs,ans,225795,ˈɑn̪.n̪os,ˈãn̪t͡s,ˈãn̪s,ˈãːs,ɑ̃
ˌɑwˈgust̪um,août,3236,ˌɑˈɣos.t̪o,ˌaˈost̪,ˌaˈuːt̪,ˈuːt̪,ut̪
ˈɑrkuːm,arc,2458,ˈɑr.ku,ˈark,ˈark,ˈark,aʁk
ˌɑˈd̪sɑt̪is,assez,132619,ˌɑˈd̪.sɑ.t̪es,ˌaˈseːt͡s,ˌaˈses,ˌaˈses,a.se
ˈɑlbɑm,aube,6494,ˈɑɫ.bɑ,ˈaɫ.bə,ˈaw.bə,ˈoː.bə,ob
ˈɑllioːs,aulx,1,ˈɑl.lʝos,ˈaɫt͡s,ˈaws,ˈoːs,o
ˈɑlt̪erum,autre,370961,ˈɑɫ.t̪ɛ.ro,ˈaɫ.t̪rə,ˈaw.t̪rə,ˈoː.t̪rə,ot̪ʁ
ˌhɑˈbeːre,avoir,427178,ˌhɑˈβe.rɛ,ˌaˈvejr,ˌaˈvwɛr,ˌaˈvwɛr,a.vwaʁ
ˈbɑkɑm,baie,2318,ˈbɑ.kɑ,ˈba.jə,ˈba.jə,ˈbɛː,bɛ
ˈbɑln̪eum,bain,17027,ˈbɑn̪ʝo,ˈbãj̃ɲ,ˈbɛ̃j̃ɲ,ˈbɛ̃ː,bɛ̃
ˈbɑln̪eoːs,bains,5747,ˈbɑn̪ʝos,ˈbãj̃n̪t͡s,ˈbɛ̃j̃n̪s,ˈbɛ̃ːs,bɛ̃
ˈbɑrbɑm,barbe,5140,ˈbɑrbɑ,ˈbarbə,ˈbarbə,ˈbarbə,baʁb
ˈbɑssum,bas,49872,ˈbɑsso,ˈbas,ˈbas,ˈbaːs,bɑ
ˌbɑsˈt̪iːre,bâtir,1568,ˌbɑsˈt̪irɛ,ˌbasˈt̪ir,ˌbaːˈt̪ir,ˌbaːˈt̪ir,bɑt̪iʁ
ˌbelliˈt̪ɑːt̪em,beauté,15915,ˌbɛlleˈt̪ɑt̪ɛ,ˌbɛɫˈt̪eːθ,ˌbe̯awˈt̪e,ˌbə̯oːˈt̪e,bot̪e
ˈbellus,beaux,11629,ˈbɛllos,ˈbɛɫs,ˈbe̯aws,ˈbə̯oːs,bo
ˈben̪e,bien,1438129,ˈbɛn̪ɛ,ˈbie̯n̪,ˈbjẽn̪,ˈbjẽː,bjɛ̃
ˌbulliˈen̪t̪em,bouillant,348,ˌbollˈʝɛn̪t̪ɛ,ˌboˈʎɛ̃n̪t̪,ˌbuˈʎãn̪t̪,ˌbuˈʎãːt̪,bujɑ̃
ˈbrɑkkʰium,bras,40381,ˈbrɑccʝo,ˈbrat͡s,ˈbras,ˈbras,bʁɑ
ˈbowem,bœuf,2046,ˈbɔβɛ,ˈbye̯f,ˈbøf,ˈbøf,bøf
ˈbowes,bœufs,295,ˈbɔβɛs,ˈbye̯s,ˈbøs,ˈbøːs,bø
ˈkɑweɑm,cage,6872,ˈkɑβʝɑ,ˈkad͡ʒə,ˈkaʒə,ˈkaʒə,kaʒ
ˈken̪t̪um,cent,11632,ˈcɛn̪t̪o,ˈt͡sɛ̃n̪t̪,ˈsãn̪t̪,ˈsãːt̪,sɑ̃
ˈkirkulum,cercle,6007,ˈcerklo,ˈt͡serklə,ˈserklə,ˈsɛrklə,sɛʁkl
ˌkɑˈleːre,chaloir,1,ˌkɑˈlerɛ,ˌt͡ʃaˈlejr,ˌʃaˈlwɛr,ˌʃaˈlwɛr,ʃalwaʁ
ˈkɑmerɑm,chambre,74591,ˈkɑmɛrɑ,ˈt͡ʃãmbrə,ˈʃãn̪brə,ˈʃãːbrə,ʃɑ̃bʁ
ˈkɑmpum,champ,12543,ˈkɑmpo,ˈt͡ʃãmp,ˈʃãn̪p,ˈʃãːp,ʃɑ̃
ˈkɑrrum,char,2528,ˈkɑrro,ˈt͡ʃar,ˈʃar,ˈʃar,ʃaʁ
ˈkɑrkerem,chartre,1,ˈkɑrcɛrɛ,ˈt͡ʃart̪rə,ˈʃart̪rə,ˈʃart̪rə,ʃaʁt̪ʁ
ˈkɑpum,chef,66020,ˈkɑpo,ˈt͡ʃie̯f,ˈʃjef,ˈʃef,ʃɛf
ˈkɑːrum,cher,35798,ˈkɑro,ˈt͡ʃie̯r,ˈʃjer,ˈʃer,ʃɛʁ
ˈkɑːrɑm,chère,18776,ˈkɑrɑ,ˈt͡ʃie̯rə,ˈʃjerə,ˈʃerə,ʃɛʁ
ˌkɑˈbɑllum,cheval,22524,ˌkɑˈβɑllo,ˌt͡ʃəˈval,ˌʃəˈval,ˌʃəˈval,ʃəval
ˈkɑn̪em,chien,44449,ˈkɑn̪ɛ,ˈt͡ʃie̯n̪,ˈʃjẽn̪,ˈʃjẽː,ʃjɛ̃
ˈkɑwsɑm,chose,490339,ˈkɑwsɑ,ˈt͡ʃɔzə,ˈʃɔzə,ˈʃoːzə,ʃoz
ˌkwiːn̪kwɑːˈgin̪t̪ɑm,cinquante,2683,ˌciŋˈkwɑn̪t̪ɑ,ˌt͡siŋˈkwãn̪t̪ə,ˌsĩŋˈkãn̪t̪ə,ˌsẽːˈkãːt̪ə,sɛ̃kɑ̃t̪
ˈkeːrɑm,cire,1674,ˈcerɑ,ˈt͡sirə,ˈsirə,ˈsirə,siʁ
ˌkiːwiˈt̪ɑːt̪em,cité,5042,ˌciβeˈt̪ɑt̪ɛ,ˌt͡siˈt̪eːθ,ˌsiˈt̪e,ˌsiˈt̪e,sit̪e
ˌkun̪eˈɑːt̪ɑm,cognée,375,ˌkon̪ˈʝɑt̪ɑ,ˌkuˈɲie̯ðə,ˌkũˈɲjeə,ˌkũˈɲeː,kɔɲe
ˈkun̪eum,coin,27733,ˈkon̪ʝo,ˈkuj̃ɲ,ˈkwĩɲ,ˈkwɛ̃ː,kwɛ̃
ˈkumulum,comble,1630,ˈkomlo,ˈkumblə,ˈkũn̪blə,ˈkũːblə,kɔ̃bl
ˌkon̪ˈn̪oːskere,connaître,26455,ˌkɔŋˈn̪oscɛrɛ,ˌkuˈn̪ojst̪rə,ˌkũˈn̪wɛːt̪rə,ˌkũˈn̪ɛːt̪rə,kɔn̪ɛt̪ʁ
ˈkorpus,corps,82565,ˈkɔrpos,ˈkɔrs,ˈkɔrs,ˈkɔrs,kɔʁ
ˈkubit̪um,coude,1999,ˈkoβet̪o,ˈkod̪ə,ˈkud̪ə,ˈkud̪ə,kud̪
ˈkoːleɑm,couille,894,ˈkolʝɑ,ˈkoʎə,ˈkuʎə,ˈkuʎə,kuj
ˌkulˈpɑbilem,coupable,23084,ˌkoɫˈpɑblɛ,ˌkoɫˈpablə,ˌkuˈpablə,ˌkuˈpablə,kupabl
ˈkuppɑm,coupe,15333,ˈkoppɑ,ˈkopə,ˈkupə,ˈkupə,kup
ˈkursum,cours,54886,ˈkorso,ˈkors,ˈkurs,ˈkurs,kuʁ
ˌkoˈhort̪em,court,17099,ˈkort̪ɛ,ˈkort̪,ˈkurt̪,ˈkurt̪,kuʁ
ˈkreːt̪ɑm,craie,638,ˈkret̪ɑ,ˈkrejðə,ˈkrwɛə,ˈkrɛː,kʁɛ
ˈkuːlloːs,culs,1703,ˈkullos,ˈkyɫs,ˈkys,ˈkys,ky
ˌd̪isˈfɑkere,défaire,1747,ˌd̪esˈfɑkrɛ,ˌd̪ezˈfajrə,ˌd̪eˈfɛrə,ˌd̪eˈfɛrə,d̪efɛʁ
ˈd̪eːbit̪ɑm,dette,5067,ˈd̪eβet̪ɑ,ˈd̪et̪ə,ˈd̪ɛt̪ə,ˈd̪ɛt̪ə,d̪ɛt̪
ˌd̪eːˈbeːre,devoir,47066,ˌd̪eˈβerɛ,ˌd̪əˈvejr,ˌd̪əˈvwɛr,ˌd̪əˈvwɛr,d̪əvwaʁ
ˈd̪eum,dieu,242078,ˈd̪ɛo,ˈd̪ie̯w,ˈd̪jø,ˈd̪jø,d̪jø
ˈd̪oːn̪um,don,24313,ˈd̪on̪o,ˈd̪un̪,ˈd̪ũn̪,ˈd̪ũː,d̪ɔ̃
ˈd̪oːn̪ɑt̪,donne,72911,ˈd̪on̪ɑt̪,ˈd̪un̪əθ,ˈd̪ũn̪ə,ˈd̪ũn̪ə,d̪ɔn̪
ˌd̪oːˈn̪ɑːre,donner,83428,ˌd̪oˈn̪ɑrɛ,ˌd̪uˈn̪eːr,ˌd̪ũˈn̪er,ˌd̪ũˈn̪er,d̪ɔn̪e
ˈd̪ormit̪,dort,10342,ˈd̪ɔrmet̪,ˈd̪ɔrt̪,ˈd̪ɔrt̪,ˈd̪ɔrt̪,d̪ɔʁ
ˈd̪uplum,double,16099,ˈd̪oplo,ˈd̪ublə,ˈd̪ublə,ˈd̪ublə,d̪ubl
ˌd̪ubiˈt̪ɑːre,douter,4081,ˌd̪oβeˈt̪ɑrɛ,ˌd̪oˈt̪eːr,ˌd̪uˈt̪er,ˌd̪uˈt̪er,d̪ut̪e
ˈd̪oːgɑm,douve,1,ˈd̪oɣɑ,ˈd̪uvə,ˈd̪uvə,ˈd̪uvə,d̪uv
ˈd̪rɑppum,drap,886,ˈd̪rɑppo,ˈd̪rap,ˈd̪rap,ˈd̪rap,d̪ʁa
ˈd̪uːrum,dur,60815,ˈd̪uro,ˈd̪yr,ˈd̪yr,ˈd̪yr,d̪yʁ
ˌeksˌfruːkˈt̪ɑre,effriter,1,ˌesˌfruxˈt̪ɑrɛ,ˌezˌfryjˈt̪ie̯r,ˌeˌfrɥiˈt̪jer,ˌeˌfriˈt̪er,efʁit̪e
ˈillɑm,elle,1476885,ˈellɑ,ˈelə,ˈɛlə,ˈɛlə,ɛl
ˌin̪ˈgen̪ioːs,engins,720,ˌeŋˈɟɛn̪ʝos,ˌẽŋˈd͡ʒin̪t͡s,ˌãn̪ˈʒĩn̪s,ˌãːˈʒẽːs,ɑ̃ʒɛ̃
ˌin̪ˈsign̪iɑm,enseigne,4546,ˌen̪ˈseŋn̪ʝɑ,ˌẽn̪ˈsẽj̃ɲə,ˌãn̪ˈsɛ̃j̃ɲə,ˌãːˈsɛ̃ɲə,ɑ̃sɛɲ
ˈspɑt̪ʰɑm,épée,9382,ˌesˈpɑt̪ɑ,ˌesˈpeːðə,ˌeˈpeə,ˌeˈpeː,epe
ˈspiːn̪ɑm,épine,658,ˌesˈpin̪ɑ,ˌesˈpin̪ə,ˌeˈpĩn̪ə,ˌeˈpin̪ə,epin̪
ˌeˈksɑgium,essai,6626,ˌesˈsɑʝʝo,ˌeˈsaj,ˌeˈsɛ,ˌeˈsɛ,esɛ
ˈilloːs,eux,92010,ˈellos,ˈeɫs,ˈøs,ˈøs,ø
ˈfɑmem,faim,30350,ˈfɑmɛ,ˈfãj̃n̪,ˈfɛ̃j̃n̪,ˈfɛ̃ː,fɛ̃
ˈfɑkt̪um,fait,1054966,ˈfɑxt̪o,ˈfajt̪,ˈfɛt̪,ˈfɛt̪,fɛ
ˌfeˈn̪ɑːre,faner,118,ˌfɛˈn̪ɑrɛ,ˌfẽˈn̪eːr,ˌfãˈn̪er,ˌfãˈn̪er,fan̪e
ˈfɑkiɑm,fasse,30781,ˈfɑccʝɑ,ˈfat͡sə,ˈfasə,ˈfasə,fas
ˈfin̪kt̪um,feint,390,ˈfeŋt̪o,ˈfẽj̃n̪t̪,ˈfɛ̃j̃n̪t̪,ˈfɛ̃ːt̪,fɛ̃
ˈfeːmin̪ɑm,femme,232974,ˈfemen̪ɑ,ˈfẽmə,ˈfãmə,ˈfãmə,fam
ˈfin̪d̪ere,fendre,360,ˈfen̪d̪ɛrɛ,ˈfẽn̪d̪rə,ˈfãn̪d̪rə,ˈfãːd̪rə,fɑ̃d̪ʁ
ˈferrum,fer,8978,ˈfɛrro,ˈfɛr,ˈfɛr,ˈfɛr,fɛʁ
ˌfirˈmɑːre,fermer,14841,ˌferˈmɑrɛ,ˌferˈmeːr,ˌferˈmer,ˌfɛrˈmer,fɛʁme
ˈfest̪ɑm,fête,56661,ˈfɛst̪ɑ,ˈfɛst̪ə,ˈfɛːt̪ə,ˈfɛːt̪ə,fɛt̪
ˈfoliɑ,feuille,3402,ˈfɔlʝɑ,ˈfye̯ʎə,ˈføʎə,ˈføʎə,fœj
ˌfilˈt̪rɑːre,feutrer,1,ˌfeɫˈt̪rɑrɛ,ˌfeɫˈt̪reːr,ˌføˈt̪rer,ˌføˈt̪rer,føt̪ʁe
ˌfiːliˈkellɑm,ficelle,779,ˌfileˈcɛllɑ,ˌfiʎˈt͡sɛlə,ˌfiˈsɛlə,ˌfiˈsɛlə,fisɛl
ˈferɑm,fière,8896,ˈfɛrɑ,ˈfie̯rə,ˈfjerə,ˈfjerə,fjɛʁ
ˈfiːliɑm,fille,201540,ˈfilʝɑ,ˈfiʎə,ˈfiʎə,ˈfiʎə,fij
ˈfiːlius,fils,134600,ˈfilʝos,ˈfiʎt͡s,ˈfis,ˈfis,fi
ˈfiːn̪em,fin,72794,ˈfin̪ɛ,ˈfin̪,ˈfĩn̪,ˈfẽː,fɛ̃
ˌflɑˈgelloːs,fléaux,152,ˌflɑˈʝɛllos,ˌflaˈjɛɫs,ˌflaˈje̯aws,ˌflaˈjoːs,fleo
ˈfid̪em,foi,13929,ˈfed̪ɛ,ˈfejθ,ˈfwɛ,ˈfwɛ,fwɑ
ˌfun̪ˈd̪ɑːre,fonder,1257,ˌfon̪ˈd̪ɑrɛ,ˌfun̪ˈd̪eːr,ˌfũn̪ˈd̪er,ˌfũːˈd̪er,fɔ̃d̪e
ˈfun̪d̪us,fonds,7832,ˈfon̪d̪os,ˈfun̪t͡s,ˈfũn̪s,ˈfũːs,fɔ̃
ˌfon̪ˈt̪ɑːn̪ɑm,fontaine,2437,ˌfɔn̪ˈt̪ɑn̪ɑ,ˌfun̪ˈt̪ãj̃n̪ə,ˌfũn̪ˈt̪ɛ̃j̃n̪ə,ˌfũːˈt̪ɛ̃n̪ə,fɔ̃t̪ɛn̪
ˈfort̪iɑm,force,34289,ˈfɔrt͡sʲʝɑ,ˈfɔrt͡sə,ˈfɔrsə,ˈfɔrsə,fɔʁs
ˈfort̪em,fort,59357,ˈfɔrt̪ɛ,ˈfɔrt̪,ˈfɔrt̪,ˈfɔrt̪,fɔʁ
ˈfulgerem,foudre,2678,ˈfoɫɟɛrɛ,ˈfoɫd̪rə,ˈfud̪rə,ˈfud̪rə,fud̪ʁ
ˈfolleːs,fous,42174,ˈfɔlles,ˈfɔɫs,ˈfus,ˈfus,fu
ˌfriˈkɑːre,frayer,363,ˌfreˈkɑrɛ,ˌfreˈjie̯r,ˌfrwɛˈjer,ˌfrɛˈjer,fʁɛje
ˈfruːkt̪um,fruit,4276,ˈfruxt̪o,ˈfryjt̪,ˈfrɥit̪,ˈfrɥit̪,fʁɥi
ˌfuːˈmɑːre,fumer,8507,ˌfuˈmɑrɛ,ˌfyˈmeːr,ˌfỹˈmer,ˌfyˈmer,fyme
ˌfiˈmɑːrium,fumier,2410,ˌfeˈmɑrʝo,ˌfəˈmie̯r,ˌfəˈmjer,ˌfyˈmjer,fymje
ˈgen̪t̪em,gent,156,ˈɟɛn̪t̪ɛ,ˈd͡ʒɛ̃n̪t̪,ˈʒãn̪t̪,ˈʒãːt̪,ʒɑ̃
iˈɑket̪,git,1,ˈʝɑcɛt̪,ˈd͡ʒit͡st̪,ˈʒiːt̪,ˈʒiːt̪,ʒi
ˈgust̪um,goût,14034,ˈgost̪o,ˈgost̪,ˈguːt̪,ˈguːt̪,gu
ˈgut̪t̪ɑm,goutte,4083,ˈgot̪t̪ɑ,ˈgot̪ə,ˈgut̪ə,ˈgut̪ə,gut̪
ˈgrɑn̪d̪em,grand,117213,ˈgrɑn̪d̪ɛ,ˈgrãn̪t̪,ˈgrãn̪t̪,ˈgrãːt̪,gʁɑ̃
ˈgrɑːt̪um,gré,2791,ˈgrɑt̪o,ˈgreːθ,ˈgre,ˈgre,gʁe
ˈheri,hier,69937,ˈhɛre,ˈie̯r,ˈjer,ˈjer,jɛʁ
ˌhiːˈbern̪um,hiver,7907,ˌhiˈβɛrn̪o,ˌiˈvɛrn̪,ˌiˈvɛr,ˌiˈvɛr,ivɛʁ
ˌhoˈn̪oːrem,honneur,37223,ˌhɔˈn̪orɛ,ˌuˈn̪owr,ˌũˈn̪ør,ˌũˈn̪ør,ɔn̪œʁ
ˈhod̪ie,hui,1431,ˈhɔʝʝɛ,ˈyj,ˈɥi,ˈɥi,ɥi
ˌuːst̪iˈɑːrium,huisser,1,ˌust͡sʲˈʝɑrʝo,ˌyjˈsie̯r,ˌɥiˈsjer,ˌɥiˈser,ɥisje
iˈɑm,ja,1222,ˈʝɑ,ˈd͡ʒa,ˈʒa,ˈʒa,ʒa
ˈgɑlbin̪um,jaune,6546,ˈgɑɫben̪o,ˈd͡ʒaɫn̪ə,ˈʒawn̪ə,ˈʒoːn̪ə,ʒon̪
ˈgɑwd̪iɑ,joie,13339,ˈgɑwʝʝɑ,ˈd͡ʒɔjə,ˈʒwɛə,ˈʒwɛː,ʒwɑ
ˈgɑwt̪ɑm,joue,37977,ˈgɑwt̪ɑ,ˈd͡ʒɔwðə,ˈʒuə,ˈʒuː,ʒu
d̪iˈurn̪um,jour,170304,ˈɟʝorn̪o,ˈd͡ʒorn̪,ˈʒur,ˈʒur,ʒuʁ
iˈuːn̪ium,juin,3900,ˈʝun̪ʝo,ˈd͡ʒyj̃ɲ,ˈʒɥĩɲ,ˈʒɥẽː,ʒɥɛ̃
ˌlɑˈksɑːre,laisser,93545,ˌlɑxˈsɑrɛ,ˌlajˈsie̯r,ˌlɛˈsjer,ˌlɛˈser,lɛse
ˈlɑmin̪ɑm,lame,4101,ˈlɑmen̪ɑ,ˈlãmə,ˈlãmə,ˈlãmə,lam
ˈlɑkrimɑm,larme,1111,ˈlɑkremɑ,ˈlajrmə,ˈlɛrmə,ˈlarmə,laʁm
ˌlɑˈwɑːrɛ,laver,8389,ˌlɑˈβɑrɛ,ˌlaˈveːr,ˌlaˈver,ˌlaˈver,lave
ˌlewiˈɑːrium,léger,5049,ˌlɛβˈʝɑrʝo,ˌleˈd͡ʒie̯r,ˌleˈʒjer,ˌleˈʒer,leʒe
ilˈloːrum,leur,236536,elˈloro,ˈlowr,ˈlør,ˈlør,lœʁ
ˈleporem,lièvre,622,ˈlɛpɔrɛ,ˈlie̯vrə,ˈljevrə,ˈljevrə,ljɛvʁ
ˈliːn̪eɑm,ligne,29986,ˈlin̪ʝɑ,ˈliɲə,ˈlĩɲə,ˈliɲə,liɲ
ˌliːn̪eˈɑːt̪ɑm,lignée,1747,ˌlin̪ˈʝɑt̪ɑ,ˌliˈɲie̯ðə,ˌlĩˈɲjeə,ˌliˈɲeː,liɲe
ˌliːˈmɑːre,limer,1,ˌliˈmɑrɛ,ˌliˈmeːr,ˌlĩˈmer,ˌliˈmer,lime
ˈlekt̪um,lit,48374,ˈlɛxt̪o,ˈlit̪,ˈlit̪,ˈlit̪,li
ˈliːbrɑm,livre,39271,ˈliβrɑ,ˈlivrə,ˈlivrə,ˈlivrə,livʁ
ˈlon̪goːs,longs,3659,ˈlɔŋgos,ˈluŋs,ˈlũn̪s,ˈlũːs,lɔ̃
ˌlɑwˈrɑːrium,lorier,1,ˌlɑwˈrɑrʝo,ˌlɔˈrie̯r,ˌlɔˈrjer,ˌlɔˈrjer,lɔʁje
ˌloˈkɑːre,louer,3911,ˌlɔˈkɑrɛ,ˌloˈeːr,ˌluˈer,ˌluˈer,lwe
ˌlɑwˈd̪ɑːre,louer,3911,ˌlɑwˈd̪ɑrɛ,ˌlɔwˈðeːr,ˌluˈer,ˌluˈer,lwe
ˈlupɑm,louve,283,ˈlopɑ,ˈluvə,ˈluvə,ˈluvə,luv
ˌluːn̪isˈd̪iːem,lundi,9630,ˌlun̪esˈd̪iɛ,ˌlyn̪zˈd̪i,ˌlỹn̪ˈd̪i,ˌlỹːˈd̪i,lœ̃d̪i
ˈluːn̪ɑm,lune,19957,ˈlun̪ɑ,ˈlyn̪ə,ˈlỹn̪ə,ˈlyn̪ə,lyn̪
ˈmɑjum,mai,5733,ˈmɑʝo,ˈmaj,ˈmɛ,ˈmɛ,mɛ
ˈmɑn̪u,main,79961,ˈmɑn̪o,ˈmãj̃n̪,ˈmɛ̃j̃n̪,ˈmɛ̃ː,mɛ̃
ˈmɑgis,mais,1641141,ˈmɑʝes,ˈmajs,ˈmɛs,ˈmɛs,mɛ
ˌmɑn̪siˈoːn̪em,maison,185035,ˌmɑsˈʝon̪ɛ,ˌmajˈzun̪,ˌmɛˈzũn̪,ˌmɛˈzũː,mezɔ̃
ˌmɑlum,mal,219886,ˌmɑlo,ˌmal,ˌmal,ˌmal,mal
ˈmɑn̪ˈd̪ɑːre,mander,131,ˌmɑn̪ˈd̪ɑrɛ,ˌmãn̪ˈd̪eːr,ˌmãn̪ˈd̪er,ˌmãːˈd̪er,mɑ̃d̪e
ˌmɑn̪d̪uːˈkɑːre,manger,60951,ˌmɑn̪d̪uˈkɑrɛ,ˌmãn̪ˈd͡ʒie̯r,ˌmãn̪ˈʒjer,ˌmãːˈʒer,mɑ̃ʒe
ˌmɑˈriːt̪um,mari,72921,ˌmɑˈrit̪o,ˌmaˈriθ,ˌmaˈri,ˌmaˈri,maʁi
ˌmeliˈoːrem,meilleur,62322,ˌmɛlˈʝorɛ,ˌmeˈʎowr,ˌmɛˈʎør,ˌmɛˈʎør,mɛjœʁ
ˌmiskuˈlɑːre,mêler,3779,ˌmeskoˈlɑrɛ,ˌmeˈzleːr,ˌmeːˈler,ˌmɛːˈler,mɛle
ˈmembrum,membre,12335,ˈmɛmbro,ˈmɛ̃mbrə,ˈmãn̪brə,ˈmãːbrə,mɑ̃bʁ
ˌmiˈn̪ɑːri,mener,8083,ˌmeˈn̪ɑre,ˌməˈn̪eːr,ˌməˈn̪er,ˌməˈn̪er,mən̪e
ˈmɑre,mer,21299,ˈmɑrɛ,ˈmeːr,ˈmer,ˈmer,mɛʁ
ˈmɑt̪rem,mère,202937,ˈmɑt̪rɛ,ˈmeːðrə,ˈmerə,ˈmerə,mɛʁ
ˈmiːkɑm,mie,287,ˈmikɑ,ˈmiə,ˈmiə,ˈmiː,mi
ˈmiːllem,mille,15669,ˈmillɛ,ˈmil,ˈmil,ˈmil,mil
ˌmessiˈoːn̪em,moisson,498,ˌmessˈʝon̪ɛ,ˌmejˈsun̪,ˌmwɛˈsũn̪,ˌmwɛˈsũː,mwasɔ̃
ˌmon̪ˈt̪ɑːn̪eɑm,montagne,9532,ˌmɔn̪ˈt̪ɑn̪ʝɑ,ˌmun̪ˈt̪ãɲə,ˌmũn̪ˈt̪ãɲə,ˌmũːˈt̪ãɲə,mɔ̃t̪aɲ
ˈmord̪ere,mordre,2897,ˈmɔrd̪ɛrɛ,ˈmɔrd̪rə,ˈmɔrd̪rə,ˈmɔrd̪rə,mɔʁd̪ʁ
ˈmort̪em,mort,208796,ˈmɔrt̪ɛ,ˈmɔrt̪,ˈmɔrt̪,ˈmɔrt̪,mɔʁ
ˌmoˈriːri,mourir,70130,ˌmɔˈrire,ˌmoˈrir,ˌmuˈrir,ˌmuˈrir,muʁiʁ
ˌmed̪iˈɑːn̪um,moyen,43094,ˌmɛʝˈʝɑn̪o,ˌmeˈjie̯n̪,ˌmwɛˈjẽn̪,ˌmwɛˈjẽː,mwajɛ̃
ˌmod̪iˈolum,moyeu,1,ˌmɔʝˈʝɔlo,ˌmoˈjye̯l,ˌmwɛˈøl,ˌmwɛˈjøl,mwajø
ˈmuːrum,mur,19838,ˈmuro,ˈmyr,ˈmyr,ˈmyr,myʁ
ˌmuːˈrɑːliɑ,muraille,418,ˌmuˈrɑlʝɑ,ˌmyˈraʎə,ˌmyˈraʎə,ˌmyˈraʎə,myʁɑj
ˈn̪ɑːwem,nef,1,ˈn̪ɑβɛ,ˈn̪eːf,ˈn̪ef,ˈn̪ef,n̪ɛf
ˌn̪eˈpoːt̪em,neveu,5558,ˌn̪ɛˈpot̪ɛ,ˌn̪əˈvowθ,ˌn̪əˈvø,ˌn̪əˈvø,n̪əvø
ˈn̪ɑːsum,nez,20807,ˈn̪ɑso,ˈn̪eːs,ˈn̪es,ˈn̪eːs,n̪es
ˈn̪igrum,noir,34578,ˈn̪eɣro,ˈn̪ejr,ˈn̪wɛr,ˈn̪wɛr,n̪waʁ
ˈn̪ukem,noix,4665,ˈn̪ocɛ,ˈn̪ojt͡s,ˈn̪wɛs,ˈn̪wɛs,n̪wɑ
ˌn̪oːˈd̪ɑːre,nouer,395,ˌn̪oˈd̪ɑrɛ,ˌn̪oˈðeːr,ˌn̪uˈer,ˌn̪uˈer,n̪we
ˈn̪uːd̪um,nu,6365,ˈn̪ud̪o,ˈn̪yθ,ˈn̪y,ˈn̪y,n̪y
ˈn̪uːbɑm,nue,4892,ˈn̪uβɑ,ˈn̪yə,ˈn̪yə,ˈn̪yː,n̪y
ˈn̪uːd̪ɑm,nue,4892,ˈn̪ud̪ɑ,ˈn̪yðə,ˈn̪yə,ˈn̪yː,n̪y
ˈn̪okt̪em,nuit,155789,ˈn̪ɔxt̪ɛ,ˈn̪yjt̪,ˈn̪ɥit̪,ˈn̪ɥit̪,n̪ɥi
ˈn̪uːllum,nul,17822,ˈn̪ullo,ˈn̪yl,ˈn̪yl,ˈn̪yl,n̪yl
ˈn̪oːd̪um,nœud,1770,ˈn̪od̪o,ˈn̪owθ,ˈn̪ø,ˈn̪ø,n̪ø
ˌɑwiˈkelloːs,oiseaux,8672,ˌɑwˈcɛllos,ˌɔjˈzɛɫs,ˌwɛˈze̯aws,ˌwɛˈzə̯oːs,wazo
ˈun̪gulɑm,ongle,987,ˈoŋglɑ,ˈuŋglə,ˈũŋglə,ˈũːglə,ɔ̃gl
ˈɑwrum,or,29615,ˈɑwro,ˈɔr,ˈɔr,ˈɔr,ɔʁ
ˌɑwˈsɑːre,oser,874,ˌɑwˈsɑrɛ,ˌɔˈzeːr,ˌɔˈzer,ˌoːˈzer,oze
ˈursɑm,ourse,428,ˈorsɑ,ˈorsə,ˈursə,ˈursə,uʁs
ˌopeˈrɑːrium,ouvrier,1657,ˌopɛˈrɑrʝo,ˌoˈvrie̯r,ˌuˈvrjer,ˌuˈvrjer,uvʁije
ˈpɑleɑm,paille,2242,ˈpɑlʝɑ,ˈpaʎə,ˈpaʎə,ˈpaʎə,pɑj
ˌpɑleˈɑːrium,pailler,1,ˌpɑlˈʝɑrʝo,ˌpaˈʎie̯r,ˌpaˈʎjer,ˌpaˈʎer,pɑje
ˈpin̪n̪ɑm,panne,5749,ˈpen̪n̪ɑ,ˈpẽn̪ə,ˈpãn̪ə,ˈpãn̪ə,pan̪
ˌpɑˈrikulum,pareil,27908,ˌpɑˈreklo,ˌpaˈreʎ,ˌpaˈreʎ,ˌpaˈrɛʎ,paʁɛj
ˈpɑrt̪em,part,119964,ˈpɑrt̪ɛ,ˈpart̪,ˈpart̪,ˈpart̪,paʁ
ˈpɑst̪ɑm,pâte,1860,ˈpɑst̪ɑ,ˈpast̪ə,ˈpaːt̪ə,ˈpaːt̪ə,pɑt̪
ˈpɑwper,pauvre,37944,ˈpɑwpɛr,ˈpɔvrə,ˈpɔvrə,ˈpoːvrə,povʁ
ˌpin̪kˈt̪uːrɑm,peinture,8168,ˌpeŋˈt̪urɑ,ˌpẽj̃n̪ˈt̪yrə,ˌpɛ̃j̃n̪ˈt̪yrə,ˌpɛ̃ːˈt̪yrə,pɛ̃t̪yʁ
ˌpereˈgriːn̪um,pelerin,1,ˌpɛrɛˈɣrin̪o,ˌpələˈrin̪,ˌpələˈrĩn̪,ˌpɛləˈrɛ̃ː,pɛlʁɛ̃
ˈpɑt̪rem,père,257456,ˈpɑt̪rɛ,ˈpeːðrə,ˈperə,ˈperə,pɛʁ
ˌperˈsoːn̪ɑm,personne,260005,ˌpɛrˈson̪ɑ,ˌpɛrˈsun̪ə,ˌpɛrˈsũn̪ə,ˌpɛrˈsũn̪ə,pɛʁsɔn̪
ˌpɑˈwoːrem,peur,139829,ˌpɑˈorɛ,ˌpaˈowr,ˌpəˈør,ˈpə̯ør,pœʁ
ˈpot̪et̪,peut,393199,ˈpɔt̪ɛt̪,ˈpye̯t̪,ˈpøt̪,ˈpøt̪,pø
ˈped̪em,pied,28324,ˈpɛd̪ɛ,ˈpie̯θ,ˈpje,ˈpje,pje
ˈped̪es,pieds,28360,ˈpɛd̪ɛs,ˈpie̯t͡s,ˈpjes,ˈpjes,pje
ˈpɑːloːs,pieux,737,ˈpɑlos,ˈpeːɫs,ˈpjøs,ˈpjøs,pjø
ˈpejus,pis,7893,ˈpɛʝos,ˈpis,ˈpis,ˈpis,pi
ˌpieˈt̪ɑːt̪em,pitié,19942,ˌpiɛˈt̪ɑt̪ɛ,ˌpiˈt̪ie̯θ,ˌpiˈt̪je,ˌpiˈt̪je,pit̪je
ˈplɑːgɑm,plaie,3302,ˈplɑɣɑ,ˈplajə,ˈplajə,ˈplɛː,plɛ
ˈplɑn̪gere,plaindre,4934,ˈplɑŋɟɛrɛ,ˈplãj̃n̪d̪rə,ˈplɛ̃j̃n̪d̪rə,ˈplɛ̃ːd̪rə,plɛ̃d̪ʁ
ˌplɑˈkeːre,plaisir,49365,ˌplɑˈcerɛ,ˌplajˈzir,ˌplɛˈzir,ˌplɛˈzir,pleziʁ
ˈpleːn̪um,plein,59129,ˈplen̪o,ˈplẽj̃n̪,ˈplɛ̃j̃n̪,ˈplɛ̃ː,plɛ̃
ˈpleːn̪ɑm,pleine,22153,ˈplen̪ɑ,ˈplẽj̃n̪ə,ˈplɛ̃j̃n̪ə,ˈplɛ̃n̪ə,plɛn̪
ˈplikɑt̪,ploie,1,ˈplekɑt̪,ˈplejəθ,ˈplwɛːə,ˈplwɛː,plwa
ˈpun̪kt̪um,point,80138,ˈpoŋt̪o,ˈpuj̃n̪t̪,ˈpwĩn̪t̪,ˈpwɛ̃ːt̪,pwɛ̃
ˌpun̪kˈt̪uːrɑm,pointure,720,ˌpoŋˈt̪urɑ,ˌpuj̃n̪ˈt̪yrə,ˌpwĩn̪ˈt̪yrə,ˌpwɛ̃ːˈt̪yrə,pwɛ̃t̪yʁ
ˈpikem,poix,1,ˈpecɛ,ˈpejt͡s,ˈpwɛs,ˈpwɛs,pwɑ
ˈpoːmɑm,pomme,4607,ˈpomɑ,ˈpumə,ˈpũmə,ˈpũmə,pɔm
ˈpon̪ere,pondre,484,ˈpɔn̪ɛrɛ,ˈpun̪d̪rə,ˈpũn̪d̪rə,ˈpũːd̪rə,pɔ̃d̪ʁ
ˈpoːn̪t̪em,pont,14160,ˈpon̪t̪ɛ,ˈpun̪t̪,ˈpũn̪t̪,ˈpũːt̪,pɔ̃
ˈporkoːs,porcs,1813,ˈpɔrkos,ˈpɔrs,ˈpɔrs,ˈpɔrs,pɔʁ
ˈport̪ɑm,porte,110258,ˈpɔrt̪ɑ,ˈpɔrt̪ə,ˈpɔrt̪ə,ˈpɔrt̪ə,pɔʁt̪
ˈport̪ɑt̪,porte,110258,ˈpɔrt̪ɑt̪,ˈpɔrt̪əθ,ˈpɔrt̪ə,ˈpɔrt̪ə,pɔʁt̪
ˌporˈt̪ɑːre,porter,29973,ˌpɔrˈt̪ɑrɛ,ˌpɔrˈt̪eːr,ˌpɔrˈt̪er,ˌpɔrˈt̪er,pɔʁt̪e
ˌport̪ɑˈt̪oːrem,porteur,1769,ˌpɔrt̪ɑˈt̪orɛ,ˌpɔrt̪əˈðowr,ˌpɔrt̪əˈør,ˌpɔrˈt̪ə̯ør,pɔʁt̪œʁ
ˈpulwerem,poudre,5437,ˈpoɫβɛrɛ,ˈpoɫd̪rə,ˈpud̪rə,ˈpud̪rə,pud̪ʁ
ˌpreˈhen̪d̪ere,prendre,170367,ˈpren̪d̪ɛrɛ,ˈprẽn̪d̪rə,ˈprãn̪d̪rə,ˈprãːd̪rə,pʁɑ̃d̪ʁ
ˈpressɑm,presse,18614,ˈprɛssɑ,ˈprɛsə,ˈprɛsə,ˈprɛːsə,pʁɛs
ˈpresbyt̪er,prêtre,8057,ˈprɛsbet̪ɛr,ˈprɛst̪rə,ˈprɛːt̪rə,ˈprɛːt̪rə,pʁɛt̪ʁ
ˈpret̪ium,prix,35016,ˈprɛt͡sʲʝo,ˈprit͡s,ˈpris,ˈpris,pʁi
ˌpuːliˈkellɑm,pucelle,229,ˌpuleˈcɛllɑ,ˌpyɫˈt͡sɛlə,ˌpyˈsɛlə,ˌpyˈsɛlə,pysɛl
ˈpuːrum,pur,5439,ˈpuro,ˈpyr,ˈpyr,ˈpyr,pyʁ
ˌpuːrˈgɑːre,purger,621,ˌpurˈgɑrɛ,ˌpyrˈd͡ʒie̯r,ˌpyrˈʒjer,ˌpyrˈʒer,pyʁʒe
ˌrɑːd̪iːˈkiːn̪ɑm,racine,1847,ˌrɑd̪iˈcin̪ɑ,ˌraˈt͡sin̪ə,ˌraˈsĩn̪ə,ˌraˈsin̪ə,ʁasin̪
ˈrigid̪ɑm,raide,2283,ˈreʝd̪ɑ,ˈrejd̪ə,ˈrwɛd̪ə,ˈrɛd̪ə,ʁɛd̪
ˈrigɑm,raie,537,ˈreɣɑ,ˈrejə,ˈrwɛə,ˈrɛː,ʁɛ
ˌrɑˈkeːmum,raisin,1650,ˌrɑˈcemo,ˌrajˈzin̪,ˌrɛˈzĩn̪,ˌrɛˈzẽː,ʁɛzɛ̃
ˌrɑt̪iˈoːn̪em,raison,153137,ˌrɑt͡sʲˈʝon̪ɛ,ˌrajˈzun̪,ˌrɛˈzũn̪,ˌrɛˈzũː,ʁɛzɔ̃
ˈriːd̪ere,rire,23042,ˈrid̪ɛrɛ,ˈriðrə,ˈrirə,ˈrirə,ʁiʁ
ˈriːsum,ris,2873,ˈriso,ˈris,ˈris,ˈriːs,ʁi
ˈriːpɑm,rive,1446,ˈripɑ,ˈrivə,ˈrivə,ˈrivə,ʁiv
ˈrumpere,rompre,5062,ˈrompɛrɛ,ˈrumprə,ˈrũn̪prə,ˈrũːprə,ʁɔ̃pʁ
ˈrumikem,ronce,1,ˈromecɛ,ˈrumt͡sə,ˈrũn̪sə,ˈrũːsə,ʁɔ̃s
ˈrubeum,rouge,30645,ˈrobʝo,ˈrod͡ʒə,ˈruʒə,ˈruʒə,ʁuʒ
ˈruːgɑm,rue,34669,ˈruɣɑ,ˈryə,ˈryə,ˈryː,ʁy
ˈsɑpiɑm,sache,18159,ˈsɑpʝɑ,ˈsat͡ʃə,ˈsaʃə,ˈsaʃə,saʃ
ˈsɑn̪kt̪um,saint,9889,ˈsɑŋt̪o,ˈsãj̃n̪t̪,ˈsɛ̃j̃n̪t̪,ˈsɛ̃ːt̪,sɛ̃
ˌsɑn̪kt̪iˈt̪ɑːt̪em,sainteté,1558,ˌsɑŋt̪eˈt̪ɑt̪ɛ,ˌsãj̃n̪t̪əˈðeːθ,ˌsɛ̃j̃n̪t̪əˈt̪e,ˌsɛ̃ːt̪əˈt̪e,sɛ̃t̪ət̪e
ˌsin̪guˈlɑːrem,sanglier,824,ˌseŋgoˈlɑrɛ,ˌsẽŋˈgleːr,ˌsãŋˈgler,ˌsãːˈgljer,sɑ̃glie
ˌsɑːn̪iˈt̪ɑːt̪em,santé,24796,ˌsɑn̪eˈt̪ɑt̪ɛ,ˌsãn̪ˈt̪eːθ,ˌsãn̪ˈt̪e,ˌsãːˈt̪e,sɑ̃t̪e
ˌsɑlˈt̪ɑːre,sauter,16513,ˌsɑɫˈt̪ɑrɛ,ˌsaɫˈt̪eːr,ˌsawˈt̪er,ˌsoːˈt̪er,sot̪e
ˌsiˈgelloːs,sceau,1396,ˌseˈʝɛllos,ˌsəˈɛɫs,ˌsəˈe̯aws,ˈsə̯oːs,so
ˈsikkum,sec,4023,ˈsekko,ˈsek,ˈsɛk,ˈsɛk,sɛk
ˈsikkɑm,sèche,2886,ˈsekkɑ,ˈset͡ʃə,ˈsɛʃə,ˈsɛʃə,sɛʃ
ˌsen̪iˈoːrem,seigneur,40977,ˌsɛn̪ˈʝorɛ,ˌsẽj̃ˈɲowr,ˌsɛ̃j̃ˈɲør,ˌsɛ̃ˈɲør,sɛɲœʁ
ˌsen̪ˈt̪iːre,sentir,24811,ˌsɛn̪ˈt̪irɛ,ˌsɛ̃n̪ˈt̪ir,ˌsãn̪ˈt̪ir,ˌsãːˈt̪ir,sɑ̃t̪iʁ
ˈsept̪em,sept,21493,ˈsɛpt̪ɛ,ˈsɛt̪,ˈsɛt̪,ˈsɛt̪,sɛt̪
ˈserwit̪,sert,17513,ˈsɛrβet̪,ˈsɛrt̪,ˈsɛrt̪,ˈsɛrt̪,sɛʁ
ˌseˈrwiːre,servir,21656,ˌsɛrˈβirɛ,ˌsɛrˈvir,ˌsɛrˈvir,ˌsɛrˈvir,sɛʁviʁ
ˈsiːmium,singe,6917,ˈsimʝo,ˈsimd͡ʒə,ˈsĩn̪ʒə,ˈsẽːʒə,sɛ̃ʒ
ˈsummɑm,somme,8024,ˈsommɑ,ˈsumə,ˈsũmə,ˈsũmə,sɔm
ˈsɑgmɑm,somme < sagma,8024,ˈsɑwmɑ,ˈsumə,ˈsũmə,ˈsũmə,sɔm
ˌsɑˈgmɑːrium,sommier,1,ˌsɑwˈmɑrʝo,ˌsuˈmie̯r,ˌsũˈmjer,ˌsũˈmjer,sɔmje
ˈsun̪t̪,sont,609102,ˈson̪t̪,ˈsun̪t̪,ˈsũn̪t̪,ˈsũːt̪,sɔ̃
ˌsoliˈd̪ɑːre,souder,302,ˌsɔleˈd̪ɑrɛ,ˌsɔɫˈd̪eːr,ˌsuˈd̪er,ˌsuˈd̪er,sud̪e
ˌseˈkuːrum,sûr,271047,ˌsɛˈkuro,ˌsəˈyr,ˌsəˈyr,ˈsə̯yr,syʁ
ˈsoror,sœur,32449,ˈsɔrɔr,ˈsye̯r,ˈsør,ˈsør,sœʁ
ˈt̪ɑbulɑm,table,30663,ˈt̪ɑblɑ,ˈt̪ablə,ˈt̪ablə,ˈt̪ablə,t̪abl
ˌt̪ɑˈboːn̪em,taon,1,ˌt̪ɑˈβon̪ɛ,ˌt̪aˈun̪,ˌt̪aˈũn̪,ˈt̪ãː,t̪ɑ̃
ˈt̪ɑrd̪um,tart,1,ˈt̪ɑrd̪o,ˈt̪art̪,ˈt̪art̪,ˈt̪art̪,t̪aʁ
ˈt̪ɑlpɑm,taupe,3058,ˈt̪ɑɫpɑ,ˈt̪aɫpə,ˈt̪awpə,ˈt̪oːpə,t̪op
ˈt̪ɑːlem,tel,22393,ˈt̪ɑlɛ,ˈt̪eːl,ˈt̪el,ˈt̪el,t̪ɛl
ˌt̪est̪iˈmoːn̪ium,témoin,20543,ˌt̪ɛst̪eˈmon̪ʝo,ˌt̪eˈzmuj̃ɲ,ˌt̪eˈmwĩɲ,ˌt̪eˈmwɛ̃ː,t̪emwɛ̃
ˈt̪empus,temps,354330,ˈt̪ɛmpos,ˈt̪ɛ̃ms,ˈt̪ãn̪s,ˈt̪ãːs,t̪ɑ̃
ˈt̪en̪eɑt̪,tienne,9369,ˈt̪ɛn̪ʝɑt̪,ˈt̪ie̯ɲəθ,ˈt̪jẽɲə,ˈt̪jẽɲə,t̪jɛn̪
ˈt̪en̪en̪t̪,tiennent,3325,ˈt̪ɛn̪ɛn̪t̪,ˈt̪ie̯n̪ən̪t̪,ˈt̪jẽn̪ət̪,ˈt̪jẽn̪ə,t̪jɛn̪
ˈt̪en̪eo,tiens,79293,ˈt̪ɛn̪ʝɔ,ˈt̪ie̯ɲ,ˈt̪jẽɲ,ˈt̪jẽː,t̪jɛ̃
ˈt̪en̪et̪,tient,21944,ˈt̪ɛn̪ɛt̪,ˈt̪ie̯n̪t̪,ˈt̪jẽn̪t̪,ˈt̪jẽːt̪,t̪jɛ̃
ˌt̪iːt̪iˈoːn̪em,tison,1,ˌt̪it͡sʲˈʝon̪ɛ,ˌt̪iˈzun̪,ˌt̪iˈzũn̪,ˌt̪iˈzũː,t̪izɔ̃
ˈt̪eːkt̪um,toi,707904,ˈt̪ext̪o,ˈt̪ejt̪,ˈt̪wɛt̪,ˈt̪wɛt̪,t̪wɑ
ˌt̪oːn̪siˈoːn̪em,toison,272,ˌt̪osˈʝon̪ɛ,ˌt̪ojˈzun̪,ˌt̪wɛˈzũn̪,ˌt̪wɛˈzũː,t̪wazɔ̃
ˈt̪ost̪um,tôt,44694,ˈt̪ɔst̪o,ˈt̪ɔst̪,ˈt̪oːt̪,ˈt̪oːt̪,t̪o
ˌt̪orˈmen̪t̪um,tourment,479,ˌt̪ɔrˈmɛn̪t̪o,ˌt̪orˈmɛ̃n̪t̪,ˌt̪urˈmãn̪t̪,ˌt̪urˈmãːt̪,t̪uʁmɑ̃
ˈt̪oːt̪t̪um,tout,1243107,ˈt̪ot̪t̪o,ˈt̪ot̪,ˈt̪ut̪,ˈt̪ut̪,t̪u
ˈt̪oːt̪t̪ɑm,toute,174066,ˈt̪ot̪t̪ɑ,ˈt̪ot̪ə,ˈt̪ut̪ə,ˈt̪ut̪ə,t̪ut̪
ˌt̪rɑkˈt̪ɑːre,traiter,8756,ˌt̪rɑxˈt̪ɑrɛ,ˌt̪rajˈt̪ie̯r,ˌt̪rɛˈt̪jer,ˌt̪rɛˈt̪er,t̪ʁɛt̪e
ˈt̪uː,tu,4434920,ˈt̪u,ˈt̪y,ˈt̪y,ˈt̪y,t̪y
ˌuːn̪um,un,4360896,ˌun̪o,ˌyn̪,ˌỹn̪,ˌỹː,œ̃
ˌuːn̪ɑm,une,2717481,ˌun̪ɑ,ˌyn̪ə,ˌỹn̪ə,ˌyn̪ə,yn̪
ˈwɑrium,vair,1,ˈβɑrʝo,ˈvajr,ˈvɛr,ˈvɛr,vɛʁ
ˌwigiˈlɑːre,veiller,3429,ˌβeʝeˈlɑrɛ,ˌveˈʎie̯r,ˌveˈʎjer,ˌveˈʎer,vɛje
ˈwen̪t̪um,vent,16230,ˈβɛn̪t̪o,ˈvɛ̃n̪t̪,ˈvãn̪t̪,ˈvãːt̪,vɑ̃
ˌwereːˈkun̪d̪iɑm,vergogne,169,ˌβɛreˈkon̪ɟʝɑ,ˌvɛrˈguɲə,ˌvɛrˈgũɲə,ˌvɛrˈgũɲə,vɛʁgɔɲ
ˈwiːt̪ɑm,vie,310140,ˈβit̪ɑ,ˈviðə,ˈviə,ˈviː,vi
ˈwet̪ulum,vieil,10865,ˈβɛklo,ˈvie̯ʎ,ˈvjeʎ,ˈvjeʎ,vjɛj
ˈwet̪uloːs,vieux,78652,ˈβɛklos,ˈvie̯ɫt͡s,ˈvjøs,ˈvjøs,vjø
ˌwiːlˈlɑːn̪um,vilain,3589,ˌβilˈlɑn̪o,ˌviˈlãj̃n̪,ˌviˈlɛ̃j̃n̪,ˌviˈlɛ̃ː,vilɛ̃
ˈwiːwere,vivre,64664,ˈβiβɛrɛ,ˈvivrə,ˈvivrə,ˈvivrə,vivʁ
ˌweːkˈt̪uːrɑm,voiture,123524,ˌβexˈt̪urɑ,ˌvejˈt̪yrə,ˌvwɛˈt̪yrə,ˌvwɛˈt̪yrə,vwat̪yʁ
ˈokuloːs,yeux,81633,ˈɔklos,ˈye̯ɫt͡s,ˈjøs,ˈjøs,jø
ˈokulum,œil,20209,ˈɔklo,ˈye̯ʎ,ˈøʎ,ˈøʎ,œj
